Hugo Symbol	Codon	Variant Amino Acid	Q-value	Sample Count	Tumor Type Composition
KRAS	G12	D:255|V:227|C:115|R:71|A:43|S:23|F:1|G:1	0	736	paad:290|luad:188|coadread:151|ucec:36|stad:14|mmyl:9|cesc:7|ucs:7|brca:6|ov:6|blca:5|esca:3|laml:3|gbm:2|kirp:2|skcm:2|lihc:1|mds:1|npc:1|prad:1|thca:1
BRAF	V600	E:520|K:33|R:4|V:1	0	558	skcm:252|thca:237|coadread:44|luad:9|gbm:6|mmyl:5|hgg:2|hnsc:1|kirp:1|lgg:1
IDH1	R132	H:250|C:50|G:12|S:8|L:4	0	324	lgg:243|gbm:20|laml:19|skcm:17|prad:6|lihc:4|coadread:3|mmyl:3|hgg:2|luad:2|acyc:1|blca:1|brca:1|mbl:1|mds:1
PIK3CA	H1047	R:236|L:37|Y:6|Q:4	0	283	brca:171|coadread:20|ucec:20|hnsc:19|stad:15|ucs:5|cesc:3|lihc:3|luad:3|skcm:3|blca:2|gbm:2|hgg:2|kirc:2|lgg:2|lusc:2|mbl:2|paad:2|prad:2|acc:1|esca:1|ov:1
PIK3CA	E545	K:251|A:9|G:8|Q:6|D:3	0	277	brca:78|coadread:37|hnsc:31|cesc:26|blca:23|ucec:14|stad:12|lusc:10|luad:9|esca:5|gbm:5|ucs:5|kirc:3|lgg:3|prad:3|skcm:3|gbc:2|hgg:2|kirp:1|lihc:1|lusm:1|npc:1|ov:1|paad:1
NRAS	Q61	R:114|K:76|L:27|H:17|P:1	0	235	skcm:127|thca:34|mmyl:27|coadread:16|laml:6|cll:4|luad:4|ucec:4|blca:3|ov:2|stad:2|acc:1|gbm:1|kich:1|lgg:1|lihc:1|npc:1
PIK3CA	E542	K:134|A:4|Q:3|G:2|V:2	1.07E-215	145	brca:51|hnsc:20|coadread:13|ucec:13|cesc:12|blca:10|luad:5|stad:5|esca:4|lusc:3|gbm:2|lgg:2|prad:2|kirp:1|lihc:1|lusm:1
TP53	R273	C:119|H:103|L:22|S:5|P:4	9.66E-139	253	lgg:47|coadread:30|ov:25|brca:20|hnsc:19|stad:19|luad:16|esca:14|paad:12|ucec:9|gbm:7|lusc:6|hgg:4|prad:4|ucs:4|blca:3|cll:3|lihc:3|lusm:3|acc:1|laml:1|mbl:1|mmyl:1|skcm:1
TP53	R248	Q:108|W:90|L:11|P:5|G:2	7.57E-120	216	coadread:34|hnsc:22|ov:19|esca:13|gbm:13|blca:11|paad:11|stad:11|lgg:10|luad:10|brca:9|ucec:9|cscc:7|ucs:7|hgg:5|lihc:5|prad:5|skcm:5|lusc:4|cll:1|laml:1|lusm:1|mbl:1|mds:1|mmyl:1
KRAS	G13	D:75|C:12|V:2|A:1|G:1|R:1	3.74E-119	92	coadread:38|luad:17|stad:10|ucec:10|mmyl:9|cesc:2|cll:2|paad:2|laml:1|lihc:1
KRAS	Q61	H:44|R:11|K:10|L:8|E:1|P:1	1.23E-105	75	paad:24|mmyl:15|coadread:11|luad:7|blca:3|stad:3|thca:3|ucec:3|skcm:2|cll:1|laml:1|lihc:1|lusc:1
HRAS	Q61	R:19|K:10|L:9|H:2	4.77E-76	40	thca:14|blca:8|hnsc:6|cscc:3|skcm:3|lusc:2|prad:2|brca:1|luad:1
SF3B1	K700	E:33|R:1	7.71E-75	34	brca:14|cll:13|paad:3|kirc:1|laml:1|mbl:1|mds:1
CTNNB1	D32	Y:15|G:13|N:10|V:8|H:4|A:2	4.29E-74	52	lihc:24|ucec:12|mbl:6|prad:4|cesc:2|skcm:2|blca:1|stad:1
CTNNB1	S33	C:16|F:13|P:12|Y:8|A:3|T:1	3.57E-72	53	lihc:19|ucec:16|mbl:8|luad:3|blca:1|coadread:1|esca:1|paad:1|prad:1|skcm:1|stad:1
PIK3CA	Q546	R:20|K:15|P:7|E:2|H:1|L:1	1.58E-71	46	brca:13|ucec:11|coadread:6|lgg:3|blca:2|hnsc:2|prad:2|stad:2|cesc:1|gbm:1|mbl:1|skcm:1|ucs:1
FBXW7	R465	C:33|H:26|G:1|L:1|P:1	4.83E-70	62	coadread:23|stad:10|ucec:7|ucs:7|cesc:4|brca:2|hnsc:2|acyc:1|cll:1|esca:1|luad:1|lusc:1|mbl:1|ov:1
PIK3CA	N345	K:36|I:3|T:2|H:1	3.47E-66	42	brca:21|stad:5|ucec:5|coadread:3|prad:2|ucs:2|acyc:1|gbm:1|hnsc:1|luad:1
CTNNB1	S37	F:21|C:16|A:6|P:4|Y:3	1.09E-64	50	ucec:20|lihc:11|luad:7|mbl:3|stad:3|blca:2|esca:2|cesc:1|prad:1
U2AF1	S34	F:34|Y:3	1.24E-61	37	luad:15|laml:7|paad:5|blca:2|cesc:2|ucec:2|ucs:2|hnsc:1|mds:1
PTEN	R130	Q:40|G:28|*:16|L:5|P:4	5.33E-59	93	ucec:56|brca:7|coadread:7|gbm:7|cesc:3|ucs:3|hnsc:2|lusm:2|skcm:2|kirc:1|lusc:1|prad:1|stad:1
TP53	R175	H:143|G:7|C:4	2.24E-58	154	coadread:36|brca:18|hnsc:16|ov:16|esca:12|stad:11|paad:9|gbm:7|blca:4|lgg:4|luad:3|lusc:3|prad:3|hgg:2|ucec:2|ucs:2|cll:1|gbc:1|lihc:1|mbl:1|npc:1|skcm:1
TP53	Y220	C:63|S:4|H:2|D:1|N:1	3.38E-58	71	ov:13|brca:11|lgg:8|hnsc:7|lihc:5|gbm:4|paad:4|luad:3|ucec:3|coadread:2|lusc:2|stad:2|blca:1|kich:1|kirp:1|lusm:1|prad:1|skcm:1|ucs:1
TP53	H179	R:37|Y:16|Q:7|L:5|N:3|D:2|P:1	2.81E-56	71	hnsc:13|brca:9|lgg:7|ov:6|lusc:5|paad:5|esca:3|gbm:3|lihc:3|luad:3|stad:3|ucs:3|cscc:2|coadread:1|gbc:1|laml:1|lusm:1|skcm:1|ucec:1
TP53	H193	R:32|Y:13|L:11|P:7|D:2|N:1	1.37E-55	66	brca:13|hnsc:9|ov:8|luad:5|lgg:4|lihc:4|lusc:4|esca:3|ucs:3|paad:2|ucec:2|blca:1|cll:1|coadread:1|hgg:1|kirp:1|laml:1|lusm:1|prad:1|stad:1
EGFR	L858	R:30	1.96E-54	30	luad:30
CTNNB1	T41	A:21|I:10|N:2	1.39E-51	33	lihc:11|coadread:6|skcm:5|ucec:5|prad:3|acc:1|luad:1|paad:1
H3F3A	K28	M:27	2.24E-50	27	hgg:26|pias:1
NRAS	G12	D:18|C:7|A:3|S:3|V:3|R:2	1.61E-48	36	coadread:15|skcm:7|laml:6|mmyl:3|mds:2|ucec:2|stad:1
GNAS	R844	C:19|H:16|L:1	6.69E-45	36	paad:10|coadread:9|luad:4|stad:4|lihc:3|brca:2|acc:1|cesc:1|hnsc:1|skcm:1
RAC1	P29	S:25|L:5|T:1	1.92E-44	31	skcm:26|hnsc:3|cscc:1|ucec:1
AKT1	E17	K:49	2.66E-41	49	brca:30|coadread:3|luad:3|cesc:2|prad:2|stad:2|thca:2|blca:1|hnsc:1|lihc:1|lusc:1|skcm:1
EGFR	A289	V:17|T:6|D:3|I:1|N:1	7.33E-41	28	gbm:24|lgg:3|hnsc:1
FBXW7	R505	G:19|C:16|H:2|L:2|S:1	3.86E-40	40	coadread:8|hnsc:7|ucec:6|blca:4|cesc:3|lusc:3|ucs:3|skcm:2|cll:1|esca:1|ov:1|stad:1
CTNNB1	G34	R:16|V:8|E:7|*:1|A:1	2.08E-39	33	ucec:10|lihc:8|mbl:4|acc:3|luad:3|skcm:2|stad:2|hnsc:1
APC	R1450	*:37	5.96E-39	37	coadread:34|stad:2|ucec:1
TP53	C176	F:26|Y:21|S:3|*:2|G:2|C:1|R:1|W:1	8.54E-38	57	ov:10|brca:6|coadread:6|hnsc:6|esca:5|stad:5|lgg:4|luad:4|paad:4|lusc:2|blca:1|kich:1|laml:1|lihc:1|prad:1
TP53	G245	S:46|D:22|V:16|C:9|A:2|R:2	1.16E-37	97	hnsc:14|ov:13|coadread:12|luad:11|paad:8|esca:6|stad:6|brca:5|prad:5|lgg:4|lusc:4|gbm:3|blca:2|lihc:2|hgg:1|ucs:1
CDKN2A	R80	*:50|Q:1	3.73E-34	51	hnsc:24|skcm:8|esca:6|paad:5|luad:2|blca:1|coadread:1|kirp:1|lusc:1|prad:1|stad:1
ERBB2	S310	F:25|Y:1	4.27E-34	26	blca:7|stad:5|cesc:4|brca:3|cscc:2|ov:2|coadread:1|hnsc:1|luad:1
DNMT3A	R882	H:22|C:8|P:1	3.44E-33	31	laml:29|luad:1|mds:1
CTNNB1	S45	F:11|P:10|C:3|Y:3|S:1	1.25E-31	28	lihc:10|acc:6|skcm:4|ucec:3|coadread:2|blca:1|luad:1|prad:1
SMAD4	R361	H:20|C:18|G:2|P:1	6.93E-31	41	coadread:20|paad:8|stad:5|esca:3|cesc:2|brca:1|hnsc:1|luad:1
SPOP	F133	L:9|C:4|V:4|S:3|I:2	2.16E-30	22	prad:22
TP53	I195	T:25|F:11|N:5|M:2|S:2	4.79E-30	45	ov:11|brca:7|coadread:4|hnsc:4|lgg:3|lihc:3|esca:2|gbm:2|mmyl:2|cll:1|laml:1|luad:1|lusc:1|paad:1|stad:1|ucs:1
IDH2	R172	K:12|S:3|W:2|G:1|M:1	8.43E-30	19	lgg:12|laml:3|lihc:2|coadread:1|hgg:1
HRAS	G13	R:11|V:9|C:2|D:2|I:1|S:1	3.19E-29	26	hnsc:13|blca:4|lusc:3|skcm:3|brca:1|cscc:1|luad:1
HRAS	G12	S:10|D:8|C:3|A:2|N:1|V:1	8.34E-28	25	hnsc:16|blca:6|cscc:2|acyc:1
PIK3CA	M1043	V:13|I:11|L:2|T:2	9.83E-28	28	brca:6|ucec:6|gbm:3|hnsc:3|lgg:3|coadread:2|acyc:1|blca:1|paad:1|stad:1|thca:1
MYD88	L273	P:15	1.93E-26	15	cll:12|dlbc:2|mmyl:1
ERBB3	V104	M:19|L:7	1.23E-25	26	stad:8|coadread:6|cesc:4|blca:3|gbc:2|brca:1|ucec:1|ucs:1
NRAS	G13	D:11|R:10|V:1	1.84E-25	22	laml:5|mmyl:5|coadread:3|skcm:3|mds:2|blca:1|dlbc:1|mbl:1|stad:1
PIK3CA	G118	D:24	2.89E-25	24	ucec:6|brca:5|lgg:4|stad:2|cesc:1|gbm:1|hnsc:1|lusc:1|paad:1|prad:1|thca:1
BRAF	G469	A:9|V:6|R:4|E:2|*:1|S:1	3.47E-25	23	luad:9|skcm:5|mmyl:3|prad:2|blca:1|coadread:1|cscc:1|lusc:1
BRAF	K601	E:12|N:2|T:1	1.12E-24	15	skcm:6|luad:3|stad:2|cll:1|prad:1|thca:1|ucec:1
KRAS	A146	T:24|V:3|P:1	1.19E-24	28	coadread:19|mmyl:4|stad:2|cesc:1|laml:1|luad:1
ERBB2	L755	S:9|M:3|P:1|W:1	1.74E-24	14	brca:7|coadread:2|blca:1|kirp:1|skcm:1|stad:1|ucec:1
IDH2	R140	Q:19|L:1|W:1	3.70E-24	21	laml:17|coadread:1|hnsc:1|mds:1|mmyl:1
APC	R876	*:26|Q:1	4.54E-24	27	coadread:26|ucec:1
TP53	Y126_splice		9.39E-24	41	ov:7|luad:5|paad:5|brca:4|stad:4|gbm:3|lihc:2|prad:2|skcm:2|coadread:1|hnsc:1|laml:1|lusc:1|lusm:1|mmyl:1|ucs:1
TP53	R249	S:25|M:9|G:6|W:5|T:2|K:1	4.92E-23	48	luad:12|lihc:10|hnsc:4|lusm:4|lusc:3|prad:3|gbm:2|paad:2|ucec:2|cscc:1|esca:1|mbl:1|ov:1|stad:1|ucs:1
TP53	R282	W:83|G:4|Q:2|P:1|R:1	9.90E-23	91	coadread:21|hnsc:14|paad:9|stad:9|esca:7|ov:6|gbm:5|lgg:4|luad:3|lusc:3|skcm:2|blca:1|brca:1|cscc:1|kich:1|lihc:1|lymbc:1|prad:1|ucec:1
B2M	M1	I:6|V:5|L:4|T:2|R:1	3.91E-22	18	luad:3|skcm:3|hnsc:2|lusm:2|ov:2|stad:2|coadread:1|dlbc:1|lusc:1|mmyl:1
PIK3CA	C420	R:17|G:1	5.69E-22	18	brca:5|coadread:4|ucec:4|stad:2|acyc:1|lusc:1|prad:1
TP53	Y163	C:27|H:4|N:4|D:2|*:1	1.85E-21	38	hnsc:8|ov:7|luad:5|brca:4|lusc:3|esca:2|lihc:2|coadread:1|hgg:1|lgg:1|lusm:1|paad:1|skcm:1|ucs:1
STK19	D89	N:16|D:2	3.48E-21	18	skcm:13|cscc:5
POLE	P286	R:14|H:1|S:1	4.08E-21	16	ucec:8|coadread:5|brca:1|paad:1|ucs:1
FGFR3	S249	C:18	1.07E-20	18	blca:11|hnsc:4|lusc:2|kirp:1
CDKN2A	W110	*:26	1.17E-20	26	hnsc:12|skcm:4|cscc:2|gbm:2|lusc:2|paad:2|esca:1|ucec:1
FGFR2	N550	K:11|H:2	1.85E-20	13	ucec:6|brca:5|luad:1|npc:1
SLC27A5	T554	I:8|T:6	5.90E-20	14	skcm:12|cscc:1|hnsc:1
EZH2	Y646	N:6|F:4|H:2|S:2	6.39E-20	14	dlbc:7|skcm:7
SMTNL2	E244_splice		2.26E-19	12	ucec:7|brca:5
NFE2L2	E79	Q:9|K:6|*:2|V:2|D:1	2.31E-19	20	hnsc:7|lusc:4|blca:3|cesc:2|lihc:2|luad:2
RIMS2	S423	S:15	2.97E-18	15	stad:11|esca:3|brca:1
NFE2L2	D29	H:11|Y:4|G:2|N:2	3.26E-18	19	hnsc:6|lusc:5|cesc:3|luad:2|blca:1|kirc:1|ucec:1
PIK3CA	K111	E:12|N:8|R:1	2.61E-17	21	coadread:4|ucec:4|brca:3|hnsc:2|stad:2|cesc:1|gbm:1|lgg:1|luad:1|mmyl:1|nbl:1
TP53	C238	Y:15|F:12|R:3|S:3|G:1	2.81E-17	34	brca:4|gbm:4|ov:4|coadread:3|hnsc:3|esca:2|paad:2|ucec:2|ucs:2|blca:1|cesc:1|cll:1|lgg:1|lihc:1|luad:1|mmyl:1|stad:1
PIK3CA	R88	Q:40	5.17E-17	40	coadread:16|ucec:11|stad:4|brca:2|gbm:2|blca:1|hgg:1|hnsc:1|prad:1|ucs:1
PIK3CA	E726	K:22|A:2	6.73E-17	24	brca:9|coadread:4|cesc:3|blca:2|hnsc:2|lusc:2|hgg:1|luad:1
EGFR	G598	V:17|A:2	5.03E-16	19	gbm:15|lgg:3|hgg:1
RQCD1	P131	L:13|S:1	5.53E-16	14	skcm:14
FLT3	D835	Y:11|E:3|H:2|V:1	7.51E-16	17	laml:17
CDKN2A	H83	Y:12|D:3|R:3|Q:1	9.29E-16	19	paad:5|skcm:4|hnsc:3|luad:2|stad:2|blca:1|cscc:1|lihc:1
BRAF	N581	S:7|T:2|H:1|I:1	1.11E-15	11	skcm:4|luad:3|coadread:1|kirp:1|mmyl:1|ov:1
TP53	V173	L:15|M:12|A:2|G:2|E:1	1.82E-15	32	hnsc:7|brca:4|lgg:3|luad:3|coadread:2|ov:2|paad:2|stad:2|acc:1|esca:1|hgg:1|lihc:1|lusm:1|skcm:1|ucec:1
TP53	C275	Y:15|F:10|S:4|*:2|R:1	1.87E-15	32	luad:4|ov:4|coadread:3|esca:3|hnsc:3|gbm:2|lgg:2|lihc:2|skcm:2|acc:1|blca:1|brca:1|cll:1|kich:1|mmyl:1|paad:1
BRAF	G466	V:10|E:6|A:1	2.31E-15	17	luad:7|mmyl:4|skcm:3|coadread:1|hnsc:1|lusc:1
TP53	Y205	C:19|F:3|D:2|H:2|N:2|S:2|*:1	6.95E-15	31	luad:5|coadread:4|lihc:4|brca:2|esca:2|hnsc:2|ov:2|paad:2|gbm:1|kich:1|lgg:1|lusc:1|lymbc:1|mmyl:1|ucec:1|ucs:1
RRAS2	Q72	L:7|H:2	8.00E-15	9	ucec:3|luad:2|hnsc:1|lusc:1|prad:1|ucs:1
TP53	Y234	C:23|*:2|H:2|S:2|D:1|N:1	1.35E-14	31	brca:5|ov:5|gbm:3|hnsc:3|lusc:3|esca:2|lihc:2|stad:2|acc:1|blca:1|coadread:1|lusm:1|paad:1|prad:1
APC	R1114	*:24	1.48E-14	24	coadread:22|stad:1|ucec:1
APC	R213	*:20	1.49E-14	20	coadread:19|thca:1
PPP2R1A	R183	W:14|Q:4|G:1	3.71E-14	19	coadread:5|ov:3|ucs:3|luad:2|ucec:2|brca:1|hnsc:1|prad:1|stad:1
NFE2L2	E82	D:7|A:2|G:1|Q:1	1.60E-13	11	lihc:3|luad:2|ucec:2|blca:1|cesc:1|kirc:1|kirp:1
RXRA	S427	F:11|Y:3	2.18E-13	14	blca:12|lihc:1|paad:1
MTOR	S2215	Y:8|F:5|T:1	3.24E-13	14	coadread:4|ucec:3|cesc:2|skcm:2|gbm:1|kirc:1|kirp:1
HIST1H3B	K28	M:11|E:1	3.41E-13	12	hgg:11|hnsc:1
APC	Q1378	*:15	6.08E-13	15	coadread:15
CDKN2A	R58	*:27|R:1	8.48E-13	28	hnsc:14|paad:4|skcm:4|luad:2|cscc:1|esca:1|kirp:1|lusc:1
PPP2R1A	P179	R:12|L:1	1.56E-12	13	ucec:8|ucs:5
CREBBP	R1446	C:9|H:3|L:3|G:1	1.67E-12	16	hnsc:3|blca:2|lihc:2|mbl:2|acyc:1|cesc:1|coadread:1|gbm:1|lusc:1|skcm:1|stad:1
POLE	V411	L:10	1.76E-12	10	ucec:5|coadread:3|gbm:1|stad:1
EP300	D1399	N:16|Y:2	5.93E-12	18	hnsc:6|cesc:5|blca:2|esca:2|lusc:2|mbl:1
BRAF	D594	G:6|N:5|H:1	6.61E-12	12	luad:3|mmyl:2|acc:1|blca:1|cll:1|coadread:1|hnsc:1|lgg:1|skcm:1
RHOA	Y42	C:7|S:2|F:1|I:1	1.26E-11	11	stad:9|hnsc:1|lymbc:1
FBXW7	R479	Q:13|*:4|G:2|L:2|P:2|R:1	1.53E-11	24	coadread:4|cesc:3|hnsc:3|stad:3|ucs:3|lusc:2|blca:1|brca:1|gbm:1|kirp:1|skcm:1|ucec:1
MAP2K1	P124	S:11|L:2|P:1|Q:1	2.05E-11	15	skcm:12|blca:1|coadread:1|ucec:1
MAP2K1	K57	N:7|T:3	2.98E-11	10	luad:4|skcm:2|dlbc:1|hnsc:1|prad:1|stad:1
TP53	C135	F:9|Y:9|R:3|*:2|S:2|W:2|G:1	4.65E-11	28	brca:5|esca:5|coadread:3|luad:2|ov:2|paad:2|prad:2|stad:2|acc:1|blca:1|lgg:1|lihc:1|lusc:1
PIK3CA	E453	K:16|Q:3|D:1	6.40E-11	20	brca:8|lgg:3|stad:2|blca:1|gbm:1|hnsc:1|lihc:1|luad:1|lusc:1|ucec:1
CDKN2A	V51_splice		1.11E-10	15	skcm:5|hnsc:4|lihc:3|luad:2|blca:1
NOTCH2	R5	R:10	1.19E-10	10	acc:8|kirc:1|ov:1
ERBB2	V842	I:14	1.31E-10	14	coadread:4|stad:3|paad:2|ucec:2|brca:1|gbc:1|ucs:1
DCAF13	T118	T:8	1.56E-10	8	esca:3|stad:3|brca:1|kich:1
NUP93	E14	K:10|G:1	1.59E-10	11	brca:6|blca:1|hnsc:1|lihc:1|luad:1|thca:1
NFE2L2	T80	K:3|A:2|P:2|R:2	1.96E-10	9	ucec:3|esca:1|hnsc:1|kirp:1|lihc:1|luad:1|lusc:1
FGFR3	Y375	C:8	2.78E-10	8	blca:7|kirp:1
ATM	R337	C:13|H:5	5.19E-10	18	coadread:7|luad:2|paad:2|skcm:2|stad:2|blca:1|brca:1|hnsc:1
KNSTRN	S24	F:13	7.71E-10	13	skcm:11|cscc:2
NFE2L2	G81	S:3|V:3|C:2|D:2	1.34E-09	10	lusc:3|lihc:2|brca:1|hnsc:1|kirc:1|kirp:1|ucec:1
CTNNB1	K335	I:8|T:1	1.60E-09	9	lihc:9
TP53	M237	I:17|K:4|V:3	1.88E-09	24	ov:4|esca:3|hnsc:3|lgg:3|luad:3|stad:2|brca:1|coadread:1|hgg:1|lusc:1|paad:1|ucec:1
GPRIN2	A50	A:11	2.54E-09	11	coadread:8|lihc:2|brca:1
SOS1	N233	Y:7	2.80E-09	7	luad:4|ucec:3
SMAD4	G386	D:5|V:3|A:1|C:1|S:1	3.31E-09	11	coadread:3|esca:3|stad:2|luad:1|paad:1|prad:1
PTEN	R233	*:27|Q:1	3.67E-09	28	ucec:14|gbm:5|stad:3|coadread:2|blca:1|cesc:1|prad:1|ucs:1
MAPK1	E322	K:15|*:1	4.00E-09	16	hnsc:8|cesc:7|blca:1
INPPL1	A1185	D:8	5.91E-09	8	acc:4|blca:1|hnsc:1|lihc:1|prad:1
TP53	R196	*:61|P:6	6.92E-09	67	hnsc:13|brca:10|coadread:7|esca:6|paad:6|gbm:4|skcm:4|lgg:3|luad:3|ov:3|stad:3|cscc:1|kich:1|lusc:1|lusm:1|mmyl:1
TP53	G266	V:16|E:14|R:12|*:4	7.47E-09	46	hnsc:7|ov:5|coadread:4|paad:4|brca:3|lgg:3|luad:3|cll:2|cscc:2|esca:2|gbm:2|lihc:2|skcm:2|blca:1|lusc:1|lusm:1|ucec:1|ucs:1
TP53	C242	F:13|S:5|Y:3|C:1|G:1|W:1	8.62E-09	24	hnsc:5|luad:4|lihc:3|lusc:3|cll:2|stad:2|blca:1|brca:1|esca:1|gbm:1|ucs:1
ERBB3	D297	Y:9|N:1|V:1	9.18E-09	11	stad:3|ucec:3|blca:2|brca:2|ucs:1
CDKN2A	Q50	*:12|H:2|Q:1|R:1	9.77E-09	16	skcm:6|cscc:3|paad:3|coadread:1|hnsc:1|lusc:1|stad:1
MYCN	P44	L:9	1.09E-08	9	nbl:4|ucec:2|gbm:1|mbl:1|paad:1
POM121	N94	S:7	1.23E-08	7	paad:4|gbm:1|prad:1|skcm:1
TP53	R213	*:86|Q:8|L:7|G:1|P:1	1.29E-08	103	coadread:16|hnsc:14|brca:9|esca:9|skcm:8|stad:6|luad:5|lihc:4|lusc:4|ov:4|paad:4|kich:3|ucec:3|blca:2|cscc:2|gbm:2|lgg:2|acc:1|acyc:1|kirc:1|npc:1|prad:1|ucs:1
TP53	Y236	C:16|*:3|D:2|N:2	2.01E-08	23	hnsc:6|lgg:3|luad:3|coadread:2|ov:2|paad:2|brca:1|cscc:1|lusc:1|prad:1|stad:1
ARID1A	R1989	*:17	2.45E-08	17	ucec:9|coadread:5|cesc:1|lymbc:1|stad:1
APC	R216	*:14	3.51E-08	14	coadread:14
XPO1	E571	K:12|A:1|V:1	4.11E-08	14	cll:7|brca:2|coadread:2|ucec:2|prad:1
CDKN2A	P114	L:13|H:1|T:1	5.43E-08	15	skcm:11|hnsc:2|cscc:1|lusc:1
MYO18A	G979	G:6|A:1	5.52E-08	7	acc:3|lihc:2|cscc:1|kirp:1
TP53	P151	S:10|H:7|A:4|R:4|T:4|F:1	7.03E-08	30	hnsc:5|brca:3|coadread:3|ov:3|lihc:2|paad:2|ucs:2|acyc:1|blca:1|esca:1|lgg:1|luad:1|lusc:1|mmyl:1|skcm:1|stad:1|ucec:1
GNAQ	T96	S:7	7.04E-08	7	kich:2|lihc:2|gbc:1|luad:1|prad:1
BNC2	S575	R:7|I:1	7.82E-08	8	stad:5|coadread:2|luad:1
NFE2L2	Q26	K:2|P:2|H:1|L:1|R:1	9.26E-08	7	lihc:2|lusc:2|esca:1|luad:1|ucec:1
CDK4	R24	L:5|H:3|C:2|S:1	1.03E-07	11	skcm:7|luad:3|mmyl:1
LRP1	P1058	T:7|L:1	1.05E-07	8	kirp:3|prad:3|skcm:2
DTD2	R6	W:11	1.10E-07	11	kirp:5|lihc:2|acc:1|coadread:1|kich:1|prad:1
SMAD2	S464	*:11	1.19E-07	11	coadread:5|brca:2|stad:2|kirc:1|paad:1
TP53	A187_splice		1.70E-07	25	ov:6|brca:3|coadread:3|hnsc:3|stad:2|blca:1|cll:1|kich:1|lgg:1|luad:1|lusc:1|paad:1|skcm:1
RHEB	Y35	N:5|C:1	1.71E-07	6	kirc:2|ucec:2|blca:1|kirp:1
HOXB2	P335	P:6	2.27E-07	6	luad:3|kirp:1|prad:1|skcm:1
TP53	R280	K:15|T:10|G:6|I:5|S:4|*:1	2.47E-07	41	blca:7|hnsc:7|luad:5|brca:4|lgg:3|lihc:2|ov:2|skcm:2|cesc:1|cscc:1|esca:1|laml:1|lusc:1|lusm:1|npc:1|stad:1|ucs:1
SNRPD3	G96	V:4|C:1|R:1|S:1	2.59E-07	7	luad:5|cesc:1|ucec:1
GPRIN2	T100	P:7	2.77E-07	7	coadread:3|cesc:2|brca:1|lihc:1
ALK	F1174	L:6|C:2|V:1	3.00E-07	9	nbl:9
MED12	L1224	F:9|V:1	3.01E-07	10	prad:6|brca:1|lusc:1|paad:1|stad:1
ARL16	G6	R:7	3.03E-07	7	skcm:7
MAGOH	I137	T:6	3.03E-07	6	paad:3|gbm:1|hnsc:1|nbl:1
CCT8	I86	T:6	3.15E-07	6	paad:2|hnsc:1|lgg:1|lihc:1|prad:1
CCND1	Y44	D:2|*:1|C:1|F:1|H:1|S:1	3.48E-07	7	mcl:6|mmyl:1
CRNKL1	S128	F:8|S:2	3.99E-07	10	skcm:8|cscc:2
TP53	K132	N:16|R:7|E:6|T:3|M:1|Q:1	4.00E-07	34	brca:6|ov:6|blca:4|luad:3|paad:3|coadread:2|acc:1|cesc:1|esca:1|gbm:1|hnsc:1|lgg:1|lusc:1|mmyl:1|stad:1|ucs:1
NT5C3A	D322	G:6	4.75E-07	6	acc:2|brca:1|gbc:1|kich:1|lihc:1
EGFR	L861	Q:7	5.42E-07	7	luad:5|lusc:2
PIK3R1	M582_splice		5.68E-07	7	gbm:2|ucec:2|coadread:1|mbl:1|prad:1
TP53	C141	Y:10|W:6|G:2|R:2|*:1|F:1|S:1	5.85E-07	23	brca:5|coadread:3|prad:3|hnsc:2|lgg:2|luad:2|kich:1|laml:1|lusc:1|mmyl:1|paad:1|ucec:1
RIMS1	R71	G:5|R:2	7.62E-07	7	stad:4|coadread:1|paad:1|prad:1
OXA1L	L57	F:9	7.73E-07	9	skcm:7|cscc:1|hnsc:1
LENG8	G377	G:6	9.64E-07	6	lihc:2|blca:1|gbm:1|luad:1|mbl:1
APC	R499	*:13	1.04E-06	13	coadread:11|paad:1|stad:1
APC	Q1429	*:6|R:1	1.04E-06	7	coadread:6|ov:1
ING1	R339	*:11	1.06E-06	11	coadread:4|ucec:3|stad:2|blca:1|lgg:1
SPOP	W131	G:4|C:1|R:1|S:1	1.15E-06	7	prad:6|ucec:1
TPTE2	M41	V:8	1.36E-06	8	acc:2|skcm:2|kich:1|luad:1|paad:1|stad:1
TRUB1	T34	P:6	1.42E-06	6	luad:3|blca:1|kirc:1|paad:1
ACADS	R330	H:8|C:2	1.50E-06	10	gbm:2|kirc:2|prad:2|coadread:1|lgg:1|stad:1|ucec:1
ACSBG2	I250	M:5	1.53E-06	5	kirp:4|kirc:1
SPTA1	K1732	T:7	1.61E-06	7	stad:5|esca:2
TP53	V274	F:7|D:5|A:4|G:4|L:1	1.69E-06	21	luad:4|brca:3|lihc:3|coadread:2|ov:2|paad:2|lgg:1|lusm:1|prad:1|skcm:1|stad:1
PTPN11	Q510	H:3|L:3|E:1	1.84E-06	7	gbm:2|laml:2|skcm:2|all:1
SF3B1	N626	Y:3|H:2|D:1	2.06E-06	6	cll:3|brca:1|luad:1|skcm:1
RAC1	A178	V:10	2.27E-06	10	hnsc:6|cesc:1|coadread:1|hgg:1|luad:1
KRAS	G60	G:10|D:1	2.28E-06	11	coadread:4|thca:2|blca:1|cscc:1|mmyl:1|paad:1|skcm:1
ARIH1	A409	E:6	2.28E-06	6	acc:1|kich:1|kirc:1|luad:1|prad:1|skcm:1
TP53	V216	M:15|G:2|L:2|E:1	2.64E-06	20	brca:4|ov:4|lgg:3|gbm:2|cscc:1|esca:1|hnsc:1|luad:1|lusc:1|paad:1|ucs:1
PIK3R1	N564	D:6	2.89E-06	6	coadread:2|lgg:2|skcm:1|ucec:1
PIK3R1	G376	R:9	2.90E-06	9	gbm:5|lgg:2|skcm:1|ucs:1
PIK3CA	Y1021	C:7|H:2	3.18E-06	9	coadread:2|stad:2|ucec:2|brca:1|prad:1|ucs:1
C5orf49	K130	T:6	3.65E-06	6	stad:4|luad:2
NPAS1	F159	F:6|L:1	3.89E-06	7	skcm:6|blca:1
APC	R564	*:12	4.00E-06	12	coadread:12
NFE2L2	L30	F:3|H:2|P:2|R:1	4.52E-06	8	hnsc:3|lusc:2|kirc:1|kirp:1|lihc:1
RAF1	S257	L:11|W:1	4.76E-06	12	coadread:6|luad:3|stad:2|skcm:1
TP53	Q331_splice		4.87E-06	23	ov:7|brca:4|coadread:3|luad:3|hnsc:2|cll:1|lihc:1|lusc:1|paad:1
KIAA1468	Q579	K:6	5.44E-06	6	luad:2|acc:1|hnsc:1|kirp:1|prad:1
BCL2L12	F8	F:8	5.99E-06	8	skcm:6|cscc:2
SF3B1	R625	C:4|H:4|L:2|G:1	6.52E-06	11	skcm:6|acyc:2|cll:2|blca:1
AHI1	Q294	R:5	6.91E-06	5	luad:2|hnsc:1|kirp:1|skcm:1
KDM6A	Q555	*:9	7.26E-06	9	blca:9
FGFR1	K687	E:4|*:1|K:1|N:1	7.52E-06	7	pias:2|all:1|blca:1|gbm:1|lihc:1|mbl:1
KIT	K642	E:5|N:1	7.66E-06	6	skcm:5|stad:1
TP53	S241	F:19|Y:10|C:6|P:3|A:2	7.75E-06	40	ov:7|skcm:5|ucec:3|ucs:3|blca:2|brca:2|gbc:2|gbm:2|hgg:2|luad:2|coadread:1|cscc:1|esca:1|hnsc:1|kich:1|kirc:1|kirp:1|lgg:1|lymbc:1|paad:1
OBP2B	S133	P:5	7.91E-06	5	paad:2|hnsc:1|luad:1|mbl:1
APC	R232	*:12	9.02E-06	12	coadread:11|ucec:1
TP53	L194	R:15|F:3|H:3|P:2	9.05E-06	23	brca:6|luad:3|ov:3|blca:2|coadread:2|hnsc:2|cesc:1|gbm:1|lgg:1|lihc:1|paad:1
MAP2K1	F53	L:4|I:1|V:1	9.12E-06	6	coadread:3|luad:1|skcm:1|stad:1
GNA11	Q209	L:5	9.33E-06	5	skcm:5
MAPK7	A501	D:6	9.50E-06	6	acc:2|kirp:2|lihc:1|luad:1
TP53	S33_splice		1.03E-05	19	lihc:4|coadread:3|hnsc:2|lusm:2|ov:2|brca:1|cscc:1|esca:1|luad:1|paad:1|ucs:1
PRSS27	V246	G:5	1.03E-05	5	acc:3|kirp:1|lgg:1
PCDHA10	G539	A:8|V:1	1.08E-05	9	luad:2|paad:2|blca:1|gbm:1|hnsc:1|kirp:1|lgg:1
MAP2K2	F57	L:3|V:2	1.29E-05	5	skcm:2|hnsc:1|paad:1|stad:1
PTPN11	A72	T:3|D:2|V:2	1.33E-05	7	cll:2|lgg:2|nbl:2|laml:1
TP53	V272	M:17|G:4|E:1|K:1|L:1|V:1	1.43E-05	25	ov:4|hnsc:3|luad:3|paad:3|brca:2|coadread:2|stad:2|blca:1|cscc:1|kirc:1|mbl:1|mmyl:1|ucec:1
SYT13	P228	S:7|T:1	1.43E-05	8	skcm:6|cscc:1|lusc:1
FAM46D	S69	R:4|G:2	1.43E-05	6	stad:5|esca:1
PTN	K44	T:6|M:1	1.46E-05	7	esca:3|stad:2|coadread:1|lusc:1
TP53	P278	S:11|L:7|T:6|A:5|R:5|H:3	1.50E-05	37	hnsc:7|coadread:5|ov:5|brca:4|lusc:4|cscc:2|esca:2|luad:2|skcm:2|lgg:1|mmyl:1|paad:1|ucec:1
HEXDC	T482	P:5	1.59E-05	5	kirc:2|lusc:2|skcm:1
ZBTB7A	K424	T:4|N:1	1.69E-05	5	stad:3|coadread:1|kirc:1
EVPL	C322	C:6	1.76E-05	6	paad:2|blca:1|coadread:1|kich:1|luad:1
FGFR1	N577	K:5|D:1	1.92E-05	6	pias:2|hgg:1|mbl:1|nbl:1|stad:1
TP53	V225_splice		2.06E-05	22	brca:5|hnsc:3|luad:3|ov:3|gbm:2|cscc:1|kich:1|laml:1|lihc:1|lusc:1|stad:1
TP53	H214	R:15|L:1	2.08E-05	16	esca:2|lihc:2|lusc:2|paad:2|stad:2|blca:1|cll:1|coadread:1|gbm:1|kich:1|ov:1
ERBB2	R678	Q:9	2.20E-05	9	stad:4|blca:1|brca:1|coadread:1|prad:1|ucec:1
PTEN	C136	R:4|F:2|Y:2|*:1	2.27E-05	9	gbm:3|ucec:3|coadread:1|hnsc:1|skcm:1
CTNNB1	N387	K:4|I:1|Y:1	2.31E-05	6	lihc:4|coadread:1|prad:1
ERBB2	D769	Y:5|H:2|N:1	2.69E-05	8	brca:3|esca:2|blca:1|cesc:1|stad:1
MEF2A	P99	S:7	2.91E-05	7	kirp:2|cscc:1|lihc:1|lusc:1|mbl:1|paad:1
FGFR3	R248	C:9	3.55E-05	9	blca:6|hnsc:1|lusc:1|mmyl:1
MYO18B	P1018	P:3|S:3|L:2|T:1	3.67E-05	9	skcm:8|hnsc:1
TP53	T125_splice	SS:23	3.85E-05	23	hnsc:4|lgg:3|stad:3|brca:2|luad:2|lusc:2|ov:2|acc:1|cscc:1|esca:1|paad:1|skcm:1
CDKN2A	E88	*:10|K:5	4.24E-05	15	hnsc:5|skcm:5|cscc:2|paad:2|cesc:1
COBL	E480	D:6	4.36E-05	6	lihc:6
ATM	N2875	S:3|T:2|K:1	4.66E-05	6	coadread:2|lihc:2|brca:1|prad:1
ZHX3	N249	K:6	4.76E-05	6	stad:3|coadread:2|blca:1
APC	Y935	*:6	4.90E-05	6	coadread:6
PLCB3	T909	P:5	5.76E-05	5	prad:3|luad:2
CHIT1	W358	*:7	5.86E-05	7	acc:2|coadread:2|lihc:2|kich:1
FRMD4B	P368	S:5|F:1|L:1	6.05E-05	7	skcm:6|cscc:1
PCSK5	W924	*:7|L:1	6.25E-05	8	skcm:6|cscc:1|lihc:1
KRAS	K117	N:9	6.60E-05	9	coadread:3|mmyl:2|esca:1|lihc:1|skcm:1|stad:1
C3orf70	S6	L:9|W:2|*:1	7.54E-05	12	blca:6|cesc:4|brca:1|lusc:1
APC	Q1338	*:6	7.56E-05	6	coadread:6
CHD3	I293	L:5	7.69E-05	5	luad:2|hnsc:1|lgg:1|paad:1
OVGP1	S536	G:5	8.06E-05	5	coadread:2|lihc:2|kich:1
INMT	S212	F:8|S:1	8.30E-05	9	skcm:8|cesc:1
LAMC1	P641	P:4|L:2	9.33E-05	6	lusc:2|gbm:1|lgg:1|skcm:1|thca:1
PPP6C	R301	C:14	0.0001	14	skcm:13|lusc:1
NFE2L2	R34	G:7|Q:4|P:2	0.0001	13	lusc:5|blca:2|hnsc:2|ucec:2|cesc:1|kirc:1
FGFR2	S252	W:10|S:2	0.0001	12	ucec:9|stad:2|ucs:1
FBXW7	R367	*:12	0.0001	12	coadread:7|cesc:1|hnsc:1|paad:1|stad:1|ucs:1
NFE2L2	G31	A:4|R:2|E:1|V:1	0.0001	8	blca:2|esca:2|lusc:2|lihc:1|luad:1
KAT8	R98	W:7|Q:1	0.0001	8	stad:3|coadread:2|prad:2|skcm:1
CDH1	Q23	*:7	0.0001	7	brca:7
SF3B1	G742	D:6	0.0001	6	cll:5|kirc:1
SEMA4B	S231	S:4|F:2	0.0001	6	cscc:3|skcm:3
CTNNB1	H36	P:5|Y:1	0.0001	6	lihc:5|skcm:1
PNLIPRP3	K431	T:5|R:1	0.0001	6	esca:3|stad:3
LCE1A	K28	R:2|T:2|M:1	0.0001	5	stad:4|esca:1
ERBB2	V777	L:4|M:1	0.0001	5	brca:2|coadread:2|stad:1
U2AF1	Q157	P:2|R:2	0.0001	4	mds:3|laml:1
TP53	E225_splice	SS:19	0.0002	19	hnsc:5|ov:3|luad:2|brca:1|esca:1|kich:1|lgg:1|lusc:1|mmyl:1|paad:1|skcm:1|stad:1
TP53	F270	S:5|I:4|L:4|C:2|V:1	0.0002	16	brca:3|stad:3|lgg:2|luad:2|ov:2|cscc:1|esca:1|hnsc:1|lusc:1
PIK3R1	R348	*:14	0.0002	14	ucec:8|coadread:5|brca:1
PIK3CA	E81	K:12|*:1	0.0002	13	brca:3|coadread:3|cesc:1|gbm:1|hnsc:1|kirc:1|luad:1|mbl:1|ucec:1
ALK	R1275	Q:10|*:1|L:1	0.0002	12	nbl:11|brca:1
FOXA1	I176	M:4|V:3	0.0002	7	brca:6|luad:1
PTPN11	E76	K:4|A:2|G:1	0.0002	7	coadread:2|mmyl:2|lusc:1|nbl:1|pias:1
H3F3A	G35	R:6	0.0002	6	hgg:3|acc:1|gbm:1|lgg:1
SLC4A11	V718	G:5	0.0002	5	brca:3|lihc:1|prad:1
FGFR2	C383	R:4|Y:1	0.0002	5	ucec:3|esca:1|stad:1
KIAA0020	K63	R:5	0.0002	5	paad:2|gbm:1|luad:1|skcm:1
SF3B1	K666	E:2|T:2|Q:1	0.0002	5	cll:2|brca:1|lihc:1|skcm:1
PIK3R1	K567	E:5	0.0002	5	ucec:2|esca:1|lymbc:1|stad:1
STAT3	H410	R:3|P:2	0.0002	5	lihc:3|brca:1|luad:1
U2AF1	I24	T:3|V:1	0.0002	4	acc:1|paad:1|stad:1|ucec:1
DNAJB1	L190	L:4	0.0002	4	gbm:1|hnsc:1|lihc:1|prad:1
SMAD4	D351	G:3|H:2|Y:2|A:1	0.0003	8	coadread:2|paad:2|esca:1|luad:1|prad:1|stad:1
EGFR	G719	A:5|C:1|D:1	0.0003	7	luad:6|gbm:1
TMEM131	E1319	Q:4|*:2|K:1	0.0003	7	brca:2|cesc:2|blca:1|hnsc:1|luad:1
KLF5	E419	Q:4|K:3	0.0003	7	luad:3|lusc:2|blca:1|cesc:1
HSD11B1	G45	R:2|V:2|E:1|G:1|W:1	0.0003	7	luad:3|skcm:3|brca:1
DICER1	E1813	G:3|Q:2|A:1	0.0003	6	coadread:2|ucec:2|gbm:1|thca:1
HOOK2	S630	S:3|F:2|A:1	0.0003	6	skcm:4|cscc:1|prad:1
LST3	R709	R:4|K:1|T:1	0.0003	6	cscc:4|luad:1|skcm:1
EHMT1	V280	F:5	0.0003	5	paad:3|lihc:2
WDR73	G316	R:5	0.0003	5	lihc:2|brca:1|coadread:1|kirc:1
WDR52	V1227	G:5	0.0003	5	kirc:5
BCL2L12	F17	F:7	0.0004	7	skcm:4|cscc:3
PTPN11	G503	V:6|G:1	0.0004	7	luad:2|stad:2|coadread:1|lusc:1|mmyl:1
RBM39	T353	I:4|T:1	0.0004	5	ucec:3|hnsc:1|luad:1
SPOP	Y87	N:2|S:2|C:1	0.0004	5	prad:5
MYC	T73	P:3|I:2	0.0004	5	esca:1|luad:1|lymbc:1|nbl:1|skcm:1
TROAP	S562	I:5	0.0004	5	paad:3|lgg:2
PCBP1	L102	Q:2|P:1|R:1	0.0004	4	coadread:4
TP53	G244	D:9|C:8|S:5|V:2|G:1|R:1	0.0005	26	ov:5|coadread:3|esca:3|gbm:2|luad:2|lusc:2|stad:2|ucec:2|hnsc:1|lgg:1|lihc:1|lusm:1|ucs:1
PIK3CA	V344	G:5|M:4|A:2	0.0005	11	ucec:3|coadread:2|brca:1|cesc:1|gbm:1|hnsc:1|lymbc:1|skcm:1
THBD	C554	C:7	0.0005	7	stad:4|coadread:2|ucec:1
ACVR1	R258	G:4|M:1	0.0005	5	hgg:4|stad:1
ARID3A	S557	G:4	0.0005	4	stad:3|ucec:1
SMARCA4	G1232	S:6|C:2|V:1	0.0006	9	luad:3|mbl:2|kirc:1|lymbc:1|skcm:1|stad:1
MAX	R60	Q:9	0.0006	9	coadread:2|lgg:2|ucec:2|laml:1|mbl:1|stad:1
ABCC10	R570	W:5|Q:2|L:1	0.0006	8	gbm:2|brca:1|hnsc:1|kirp:1|lgg:1|lusc:1|prad:1
CCND1	P287	L:3|S:2|T:1	0.0006	6	ucec:2|cesc:1|hnsc:1|skcm:1|ucs:1
ARAF	S214	F:3|A:1|C:1|S:1	0.0006	6	luad:3|skcm:2|kirp:1
RQCD1	S87	C:3|P:3	0.0006	6	skcm:2|blca:1|lihc:1|prad:1|stad:1
FRMD6	S17	S:3|C:1|I:1	0.0006	5	lihc:2|ucec:2|acc:1
RARA	F286	S:2|C:1|I:1	0.0006	4	luad:2|brca:1|cscc:1
CYP4A11	I491	M:3|T:1	0.0006	4	lihc:3|brca:1
NCR1	E42	K:6|E:1|G:1	0.0007	8	skcm:7|stad:1
MYO9A	P1300	S:5|L:1|P:1	0.0007	7	skcm:5|lihc:1|luad:1
CELSR1	W1958	G:4|C:1	0.0007	5	coadread:2|gbm:1|luad:1|ov:1
LRP5	S1609	P:4|S:1	0.0007	5	prad:2|cscc:1|luad:1|paad:1
CYP2C8	P402	S:7|L:2	0.0008	9	skcm:7|cscc:2
PIK3CA	N1044	K:4|Y:2	0.0008	6	brca:2|kirc:2|ucec:2
HIST1H3C	K37	M:5	0.0008	5	hnsc:4|skcm:1
CDK4	K22	M:2|Q:2	0.0008	4	skcm:3|mmyl:1
TP53	N239	S:8|D:6|T:1	0.0009	15	hnsc:2|luad:2|ucec:2|brca:1|coadread:1|kich:1|kirc:1|lihc:1|ov:1|prad:1|stad:1|ucs:1
EBF2	G444	E:8|V:1	0.0009	9	skcm:6|cscc:1|gbm:1|ucec:1
CRB1	F630	V:5|S:1	0.0009	6	stad:4|esca:1|paad:1
AMPD1	L631	F:4|V:1	0.0009	5	paad:2|ucec:2|esca:1
LRRC71	K324	K:4	0.0009	4	hnsc:1|kirp:1|lihc:1|paad:1
TP53	I255	F:7|S:3|N:2|T:1	0.0010	13	brca:3|esca:3|luad:2|paad:2|cll:1|gbm:1|lgg:1
TUBGCP4	A8	D:4|T:1	0.0010	5	hnsc:2|esca:1|luad:1|prad:1
PASD1	M338	I:5	0.0010	5	skcm:5
CIZ1	L59	P:4	0.0010	4	gbm:2|kirp:1|lgg:1
TP53	E286	K:17|*:7|G:4|Q:3|A:1|V:1	0.0011	33	luad:6|brca:5|hnsc:3|stad:3|coadread:2|cscc:2|lihc:2|lusm:2|skcm:2|blca:1|esca:1|laml:1|lgg:1|ov:1|paad:1
IL7R	K395	T:3|R:2|K:1|M:1|N:1	0.0011	8	esca:3|skcm:2|luad:1|stad:1|ucec:1
SSBP3	K6	R:4	0.0011	4	acc:2|cesc:1|lihc:1
SLCO1B7	E27	K:9	0.0012	9	skcm:3|coadread:2|brca:1|cesc:1|cscc:1|gbm:1
PARP1	G500	G:6	0.0012	6	stad:6
TGFBR2	R553	C:5|H:4|L:1	0.0013	10	coadread:4|hnsc:2|paad:2|luad:1|stad:1
PCMTD1	P342	L:6|P:1|T:1	0.0013	8	hnsc:2|kich:2|luad:1|paad:1|prad:1|skcm:1
BCL2L12	R18	W:7	0.0013	7	skcm:5|cscc:2
ACVR1	G328	E:4|V:2	0.0013	6	hgg:6
C16orf80	R100	C:6|H:1	0.0014	7	stad:3|coadread:2|brca:1|cesc:1
VHL	N78	S:3|D:2|Y:1	0.0014	6	kirc:5|paad:1
VPS37B	Y191	S:4	0.0014	4	luad:1|mbl:1|ov:1|skcm:1
TRIM65	H383	N:3|L:1	0.0014	4	hnsc:1|lihc:1|luad:1|lusc:1
MTOR	C1483	F:2|R:1|W:1|Y:1	0.0015	5	kirc:3|brca:1|gbm:1
DDX28	S442	S:3|F:2	0.0015	5	skcm:5
S100A8	K49	R:5	0.0015	5	gbm:1|hnsc:1|luad:1|prad:1|thca:1
BTBD11	K1003	T:3|M:1|R:1	0.0015	5	stad:3|esca:1|paad:1
TP53	S215	I:6|R:5|G:3|N:1	0.0016	15	lihc:3|brca:2|luad:2|ov:2|paad:2|esca:1|laml:1|lusm:1|stad:1
TARBP2	E191	*:5|E:1	0.0016	6	coadread:3|ucec:2|skcm:1
ZNF623	T500	K:5	0.0016	5	hnsc:4|luad:1
SLC16A13	F158	L:4	0.0016	4	hnsc:1|luad:1|paad:1|stad:1
TPSD1	P22	R:6|P:3	0.0017	9	acc:4|blca:2|coadread:1|lgg:1|lihc:1
PIK3CA	G106	V:7|R:1	0.0017	8	coadread:2|ucs:2|blca:1|cesc:1|lusc:1|ucec:1
UCHL1	H161	Y:5	0.0017	5	skcm:5
INTS12	M1	V:2|L:1|T:1	0.0017	4	luad:2|mmyl:2
FRMD6	F6	F:4	0.0017	4	lihc:3|acc:1
PIK3CA	C378	R:3|Y:2|F:1	0.0018	6	ucec:2|brca:1|gbm:1|lgg:1|stad:1
SPOP	F102	C:2|V:2|L:1	0.0018	5	prad:5
UBXN11	S494	C:4	0.0018	4	coadread:3|lihc:1
NFIC	S339	P:4	0.0019	4	paad:2|lihc:1|luad:1
FBXW7	R658	*:10|Q:3|R:1	0.0020	14	coadread:4|ucec:3|cesc:2|blca:1|gbm:1|hnsc:1|skcm:1|ucs:1
MICA	I236	T:4	0.0020	4	lihc:3|coadread:1
PODXL	S22	P:4	0.0020	4	acc:2|kirc:1|kirp:1
XPO6	I274	T:3|V:1	0.0020	4	paad:2|luad:1|skcm:1
CLECL1	Y50	N:4	0.0020	4	lihc:4
MXRA5	G792	G:9	0.0021	9	skcm:9
TSC22D2	S735	Y:4|F:2	0.0022	6	ucec:2|brca:1|coadread:1|skcm:1|stad:1
KIF26B	R2024	H:5|C:2|S:1	0.0023	8	stad:2|coadread:1|gbm:1|hnsc:1|lgg:1|luad:1|ov:1
TP53	T125	T:36|M:7|P:2|K:1|R:1	0.0024	47	luad:10|hnsc:6|coadread:5|lusc:4|stad:3|brca:2|esca:2|lihc:2|ov:2|acc:1|blca:1|cscc:1|gbm:1|hgg:1|kich:1|laml:1|lgg:1|lusm:1|paad:1|skcm:1
S100A3	P97	S:3|P:2	0.0024	5	skcm:3|luad:1|stad:1
TMEM200C	R19	C:5|H:1|S:1	0.0025	7	stad:3|skcm:2|coadread:1|paad:1
SWI5	P34	S:7	0.0026	7	skcm:6|cscc:1
CSPG5	R365	R:3|Q:2|W:1	0.0026	6	paad:3|hnsc:1|ov:1|prad:1
TUBGCP6	S1192	S:4	0.0026	4	lgg:2|hnsc:1|prad:1
METTL14	R298	H:4|P:4	0.0027	8	ucec:4|paad:3|npc:1
BRD7	Y455	*:4	0.0027	4	lihc:4
TP53	L111	P:5|R:4|Q:3	0.0029	12	lihc:3|brca:2|lusc:2|cll:1|esca:1|gbm:1|skcm:1|stad:1
ARID2	S297	F:8	0.0029	8	skcm:8
LTN1	S19	F:6|Y:1	0.0029	7	skcm:5|cscc:2
PANK3	I301	F:4	0.0029	4	acc:1|coadread:1|kich:1|lihc:1
TMEM147	A92	V:4|A:1	0.0030	5	gbm:2|lihc:1|prad:1|ucec:1
RSBN1L	L432	V:4	0.0030	4	brca:4
MYT1L	K203	T:3|R:1	0.0030	4	esca:2|paad:1|ucs:1
EGFR	R108	K:7|G:1	0.0031	8	gbm:5|lgg:2|hgg:1
SMAD4	D537	H:4|E:2|G:1|V:1|Y:1	0.0033	9	coadread:7|lusc:1|paad:1
PSG4	E263	K:7	0.0034	7	skcm:5|hnsc:2
LSM14A	R272	C:7|H:1	0.0035	8	coadread:4|esca:1|gbm:1|paad:1|ucec:1
PDHA1	G145	D:5	0.0035	5	paad:2|gbm:1|hnsc:1|lgg:1
THRA	R79	H:7	0.0036	7	paad:4|gbm:1|hnsc:1|lgg:1
FANK1	Q4	*:5	0.0036	5	acc:3|gbc:1|lihc:1
ASF1B	P21	L:3|P:2	0.0038	5	skcm:3|cscc:2
APC	Q1406	*:7	0.0040	7	coadread:6|skcm:1
APC	E1408	*:7	0.0040	7	coadread:7
MAX	H28	R:4	0.0040	4	ucec:4
MET	D1010_splice		0.0042	5	luad:4|lgg:1
UBE2D3	M32	I:3|V:1	0.0042	4	blca:1|hnsc:1|luad:1|skcm:1
ANKZF1	A650	V:4|A:1	0.0043	5	lgg:1|luad:1|paad:1|skcm:1|ucs:1
TBX2	S192	I:4	0.0043	4	lihc:2|acc:1|lgg:1
PIK3CA	R38	H:7|C:4|G:1|L:1|S:1	0.0044	14	ucec:6|coadread:2|gbm:2|stad:2|cesc:1|lusc:1
ELTD1	S11	F:5|S:3|P:1	0.0044	9	skcm:5|cscc:2|luad:1|lusc:1
RPL10L	K156	R:3|M:1|T:1	0.0044	5	luad:2|coadread:1|esca:1|stad:1
RHOA	R5	W:5|Q:4|L:1	0.0045	10	lymbc:3|brca:2|esca:2|stad:2|coadread:1
RHOA	E40	Q:6|*:1|K:1	0.0045	8	hnsc:5|brca:1|luad:1|stad:1
PCED1B	S343	F:6|P:1|Y:1	0.0045	8	skcm:5|cscc:2|hnsc:1
MTOR	I2500	M:3|F:1	0.0045	4	brca:1|kirc:1|stad:1|ucec:1
MYC	S161	L:6	0.0046	6	hnsc:3|coadread:1|luad:1|skcm:1
DNAH9	E2368	K:7|D:1	0.0047	8	skcm:7|esca:1
NOL4	L423	L:3|M:1|V:1	0.0047	5	esca:4|luad:1
KCNQ5	G273	E:7|R:1	0.0049	8	skcm:8
CHST12	V12	G:4	0.0049	4	hnsc:2|luad:2
ZNF516	A256	D:5	0.0051	5	kirc:2|kirp:2|acc:1
CR1	R1842	C:5|H:4	0.0052	9	skcm:3|blca:1|coadread:1|cscc:1|kirc:1|luad:1|ucec:1
TGFBRAP1	P824	L:2|S:2|F:1|P:1	0.0052	6	skcm:4|cscc:2
RINT1	K85	N:2|T:2	0.0052	4	cesc:2|lgg:2
TOP2B	R651	H:7	0.0053	7	coadread:3|mbl:1|paad:1|stad:1|ucec:1
PACS2	Q87	H:3|Q:1	0.0053	4	esca:2|lihc:1|stad:1
TP53	Q144	*:12|H:1|L:1|P:1	0.0054	15	luad:7|hnsc:2|blca:1|brca:1|lihc:1|ov:1|stad:1|ucec:1
ZNF649	R198	I:5|K:1|S:1	0.0054	7	ucec:3|coadread:2|paad:1|stad:1
VHL	V155_splice		0.0055	6	kirc:6
TACC3	P417	S:4|P:2	0.0056	6	skcm:4|acc:1|luad:1
ATP6V1B2	P352	S:4|P:1	0.0056	5	skcm:3|cscc:1|nbl:1
KCNJ8	G417	E:5|D:1|R:1	0.0058	7	skcm:6|cscc:1
TP53	D281	Y:8|N:7|E:4|V:4|D:2|H:2|A:1|G:1|P:1	0.0059	30	luad:6|ov:4|brca:3|gbm:3|blca:1|cll:1|cscc:1|hnsc:1|kirc:1|lihc:1|lusc:1|mmyl:1|nbl:1|paad:1|skcm:1|stad:1|ucec:1|ucs:1
TCF20	P815	L:4|S:2	0.0061	6	skcm:4|cscc:2
ARHGAP28	L277	R:3|P:2	0.0061	5	coadread:2|stad:2|esca:1
MEF2A	Y105	C:4	0.0061	4	cscc:1|kirc:1|lihc:1|mbl:1
ARID1A	R1335	*:9	0.0062	9	ucec:4|brca:1|coadread:1|esca:1|lgg:1|stad:1
BRAF	L597	Q:2|R:1|S:1	0.0062	4	skcm:2|mmyl:1|prad:1
CANT1	K131	R:4	0.0062	4	prad:2|hnsc:1|lgg:1
LCE1F	P27	P:7|Q:2|L:1	0.0063	10	skcm:9|hnsc:1
ACP6	V29	G:4	0.0063	4	kirp:2|acc:1|lihc:1
MAGEC1	K1046	N:6	0.0064	6	coadread:3|stad:2|esca:1
ACVR1B	R485	*:8	0.0065	8	coadread:4|stad:4
BRAF	G596	R:2|D:1|S:1|V:1	0.0065	5	luad:2|blca:1|gbm:1|mmyl:1
CEP63	S153	L:5|S:4	0.0068	9	skcm:4|stad:2|coadread:1|lihc:1|prad:1
PIK3CB	D1067	V:3|A:1|Y:1	0.0068	5	gbm:1|hnsc:1|skcm:1|thca:1|ucec:1
KCNH5	T147	T:13	0.0069	13	skcm:11|cscc:2
DUSP16	R483	*:7	0.0069	7	coadread:3|stad:2|brca:1|ucec:1
ARHGAP33	S964	S:4	0.0069	4	paad:3|stad:1
CDKN2A	L130	R:3|Q:2|V:1	0.0070	6	paad:3|cscc:2|skcm:1
C6	K817	T:5|R:1	0.0071	6	stad:3|coadread:2|ov:1
FAM58A	K141_splice		0.0071	4	skcm:2|brca:1|luad:1
MED28	G7	G:3|C:1	0.0073	4	luad:3|hnsc:1
PROCR	R98	L:8	0.0075	8	acc:2|brca:1|cesc:1|kirc:1|kirp:1|luad:1|prad:1
MARCH10	G241	E:4|G:1|R:1	0.0078	6	skcm:4|cscc:2
RTKN2	R33	*:8|Q:2	0.0080	10	ucec:3|coadread:2|skcm:2|brca:1|gbm:1|hnsc:1
ARID1A	R693	*:8	0.0080	8	ucec:4|coadread:1|esca:1|lgg:1|stad:1
FZD10	S22	R:5	0.0080	5	acc:2|kirp:1|luad:1|prad:1
EP300	H1451	H:1|L:1|P:1|R:1	0.0080	4	blca:1|brca:1|lgg:1|ucec:1
THSD7B	E1181	K:9	0.0081	9	skcm:9
THSD7B	G557	R:5|E:2|V:1	0.0081	8	skcm:5|gbm:1|lihc:1|luad:1
SHROOM1	P300	T:4	0.0081	4	lihc:2|acc:1|kirp:1
NUP93	Q15	*:4	0.0082	4	thca:3|ucec:1
ERBB3	M60	K:3|R:1	0.0083	4	blca:1|coadread:1|esca:1|ucec:1
CLEC14A	R193	C:5|H:3|R:2	0.0086	10	skcm:3|coadread:2|paad:2|gbm:1|luad:1|prad:1
EYA4	L152	I:2|R:2|H:1|P:1|V:1	0.0086	7	stad:3|ucec:3|luad:1
CEP89	S153	G:3|I:1	0.0086	4	acc:1|hnsc:1|kich:1|lihc:1
SHB	A460	T:4	0.0087	4	gbm:2|hnsc:2
APOBR	E361	D:5	0.0088	5	brca:2|cesc:1|ov:1|ucec:1
BRINP1	G713	G:9	0.0090	9	skcm:9
RIPPLY2	S110	L:5|*:1	0.0090	6	skcm:3|cscc:2|hnsc:1
SF3B1	D894	G:2|N:2|A:1	0.0090	5	mmyl:2|cll:1|cscc:1|skcm:1
TCEB1	Y79	*:1|F:1|N:1|S:1	0.0090	4	kirc:4
KCNJ12	E430	G:5|*:1	0.0092	6	acc:2|brca:2|coadread:1|lihc:1
NAP1L3	K502	R:2|K:1|M:1|N:1|T:1	0.0093	6	stad:3|blca:1|coadread:1|esca:1
CYP7B1	K332	T:5	0.0096	5	stad:4|paad:1
HNMT	L145	L:4	0.0096	4	lihc:1|lusc:1|stad:1|ucec:1
DHRS4	T102	M:6	0.0098	6	mbl:2|kirc:1|luad:1|paad:1|prad:1
MAGI2	L603	R:3|P:2	0.0098	5	stad:3|esca:2
NHS	L215	P:4	0.0098	4	brca:2|cll:1|stad:1
